id,username,created_at
"1","Kenton_Kirlin","2025-04-04T15:43:49.548Z"
"2","Andre_Purdy85","2025-04-04T15:43:49.548Z"
"3","Harley_Lind18","2025-04-04T15:43:49.548Z"
"4","Arely_Bogan63","2025-04-04T15:43:49.548Z"
"5","Aniya_Hackett","2025-04-04T15:43:49.548Z"
"6","Travon.Waters","2025-04-04T15:43:49.548Z"
"7","Kasandra_Homenick","2025-04-04T15:43:49.548Z"
"8","Tabitha_Schamberger11","2025-04-04T15:43:49.548Z"
"9","Gus93","2025-04-04T15:43:49.548Z"
"10","Presley_McClure","2025-04-04T15:43:49.548Z"
"11","Justina.Gaylord27","2025-04-04T15:43:49.548Z"
"12","Dereck65","2025-04-04T15:43:49.548Z"
"13","Alexandro35","2025-04-04T15:43:49.548Z"
"14","Jaclyn81","2025-04-04T15:43:49.548Z"
"15","Billy52","2025-04-04T15:43:49.548Z"
"16","Annalise.McKenzie16","2025-04-04T15:43:49.548Z"
"17","Norbert_Carroll35","2025-04-04T15:43:49.548Z"
"18","Odessa2","2025-04-04T15:43:49.548Z"
"19","Hailee26","2025-04-04T15:43:49.548Z"
"20","Delpha.Kihn","2025-04-04T15:43:49.548Z"
"21","Rocio33","2025-04-04T15:43:49.548Z"
"22","Kenneth64","2025-04-04T15:43:49.548Z"
"23","Eveline95","2025-04-04T15:43:49.548Z"
"24","Maxwell.Halvorson","2025-04-04T15:43:49.548Z"
"25","Tierra.Trantow","2025-04-04T15:43:49.548Z"
"26","Josianne.Friesen","2025-04-04T15:43:49.548Z"
"27","Darwin29","2025-04-04T15:43:49.548Z"
"28","Dario77","2025-04-04T15:43:49.548Z"
"29","Jaime53","2025-04-04T15:43:49.548Z"
"30","Kaley9","2025-04-04T15:43:49.548Z"
"31","Aiyana_Hoeger","2025-04-04T15:43:49.548Z"
"32","Irwin.Larson","2025-04-04T15:43:49.548Z"
"33","Yvette.Gottlieb91","2025-04-04T15:43:49.548Z"
"34","Pearl7","2025-04-04T15:43:49.548Z"
"35","Lennie_Hartmann40","2025-04-04T15:43:49.548Z"
"36","Ollie_Ledner37","2025-04-04T15:43:49.548Z"
"37","Yazmin_Mills95","2025-04-04T15:43:49.548Z"
"38","Jordyn.Jacobson2","2025-04-04T15:43:49.548Z"
"39","Kelsi26","2025-04-04T15:43:49.548Z"
"40","Rafael.Hickle2","2025-04-04T15:43:49.548Z"
"41","Mckenna17","2025-04-04T15:43:49.548Z"
"42","Maya.Farrell","2025-04-04T15:43:49.548Z"
"43","Janet.Armstrong","2025-04-04T15:43:49.548Z"
"44","Seth46","2025-04-04T15:43:49.548Z"
"45","David.Osinski47","2025-04-04T15:43:49.548Z"
"46","Malinda_Streich","2025-04-04T15:43:49.548Z"
"47","Harrison.Beatty50","2025-04-04T15:43:49.548Z"
"48","Granville_Kutch","2025-04-04T15:43:49.548Z"
"49","Morgan.Kassulke","2025-04-04T15:43:49.548Z"
"50","Gerard79","2025-04-04T15:43:49.548Z"
"51","Mariano_Koch3","2025-04-04T15:43:49.548Z"
"52","Zack_Kemmer93","2025-04-04T15:43:49.548Z"
"53","Linnea59","2025-04-04T15:43:49.548Z"
"54","Duane60","2025-04-04T15:43:49.548Z"
"55","Meggie_Doyle","2025-04-04T15:43:49.548Z"
"56","Peter.Stehr0","2025-04-04T15:43:49.548Z"
"57","Julien_Schmidt","2025-04-04T15:43:49.548Z"
"58","Aurelie71","2025-04-04T15:43:49.548Z"
"59","Cesar93","2025-04-04T15:43:49.548Z"
"60","Sam52","2025-04-04T15:43:49.548Z"
"61","Jayson65","2025-04-04T15:43:49.548Z"
"62","Ressie_Stanton46","2025-04-04T15:43:49.548Z"
"63","Elenor88","2025-04-04T15:43:49.548Z"
"64","Florence99","2025-04-04T15:43:49.548Z"
"65","Adelle96","2025-04-04T15:43:49.548Z"
"66","Mike.Auer39","2025-04-04T15:43:49.548Z"
"67","Emilio_Bernier52","2025-04-04T15:43:49.548Z"
"68","Franco_Keebler64","2025-04-04T15:43:49.548Z"
"69","Karley_Bosco","2025-04-04T15:43:49.548Z"
"70","Erick5","2025-04-04T15:43:49.548Z"
"71","Nia_Haag","2025-04-04T15:43:49.548Z"
"72","Kathryn80","2025-04-04T15:43:49.548Z"
"73","Jaylan.Lakin","2025-04-04T15:43:49.548Z"
"74","Hulda.Macejkovic","2025-04-04T15:43:49.548Z"
"75","Leslie67","2025-04-04T15:43:49.548Z"
"76","Janelle.Nikolaus81","2025-04-04T15:43:49.548Z"
"77","Donald.Fritsch","2025-04-04T15:43:49.548Z"
"78","Colten.Harris76","2025-04-04T15:43:49.548Z"
"79","Katarina.Dibbert","2025-04-04T15:43:49.548Z"
"80","Darby_Herzog","2025-04-04T15:43:49.548Z"
"81","Esther.Zulauf61","2025-04-04T15:43:49.548Z"
"82","Aracely.Johnston98","2025-04-04T15:43:49.548Z"
"83","Bartholome.Bernhard","2025-04-04T15:43:49.548Z"
"84","Alysa22","2025-04-04T15:43:49.548Z"
"85","Milford_Gleichner42","2025-04-04T15:43:49.548Z"
"86","Delfina_VonRueden68","2025-04-04T15:43:49.548Z"
"87","Rick29","2025-04-04T15:43:49.548Z"
"88","Clint27","2025-04-04T15:43:49.548Z"
"89","Jessyca_West","2025-04-04T15:43:49.548Z"
"90","Esmeralda.Mraz57","2025-04-04T15:43:49.548Z"
"91","Bethany20","2025-04-04T15:43:49.548Z"
"92","Frederik_Rice","2025-04-04T15:43:49.548Z"
"93","Willie_Leuschke","2025-04-04T15:43:49.548Z"
"94","Damon35","2025-04-04T15:43:49.548Z"
"95","Nicole71","2025-04-04T15:43:49.548Z"
"96","Keenan.Schamberger60","2025-04-04T15:43:49.548Z"
"97","Tomas.Beatty93","2025-04-04T15:43:49.548Z"
"98","Imani_Nicolas17","2025-04-04T15:43:49.548Z"
"99","Alek_Watsica","2025-04-04T15:43:49.548Z"
"100","Javonte83","2025-04-04T15:43:49.548Z"
"101","abc","2025-04-06T15:43:49.548Z"
